version, nprocs, mean_field_time, stdev_field_time, mean_advance_time, stdev_advance_time
fieldsLocal, 1296, 2.9433333333333334, 1.009763008499189, 8.466666666666667, 2.658520892024987
fieldsImplicit, 1296, 3.3993333333333333, 0.061857362806163524, 9.889999999999999, 0.05291502622129169
